,S,R,L,P,T,A,V,G,I,F,Y,C,H,Q,N,K,D,E,M,W
S,0.0,110.0,145.0,74.0,58.0,99.0,124.0,56.0,142.0,155.0,144.0,112.0,89.0,68.0,46.0,121.0,65.0,80.0,135.0,177.0
R,110.0,0.0,102.0,103.0,71.0,112.0,96.0,125.0,97.0,97.0,77.0,180.0,29.0,43.0,86.0,26.0,96.0,54.0,91.0,101.0
L,145.0,102.0,0.0,98.0,92.0,96.0,32.0,138.0,5.0,22.0,36.0,198.0,99.0,113.0,153.0,107.0,172.0,138.0,15.0,61.0
P,74.0,103.0,98.0,0.0,38.0,27.0,68.0,42.0,95.0,114.0,110.0,169.0,77.0,76.0,91.0,103.0,108.0,93.0,87.0,147.0
T,58.0,71.0,92.0,38.0,0.0,58.0,69.0,59.0,89.0,103.0,92.0,149.0,47.0,42.0,65.0,78.0,85.0,65.0,81.0,128.0
A,99.0,112.0,96.0,27.0,58.0,0.0,64.0,60.0,94.0,113.0,112.0,195.0,86.0,91.0,111.0,106.0,126.0,107.0,84.0,148.0
V,124.0,96.0,32.0,68.0,69.0,64.0,0.0,109.0,29.0,50.0,55.0,192.0,84.0,96.0,133.0,97.0,152.0,121.0,21.0,88.0
G,56.0,125.0,138.0,42.0,59.0,60.0,109.0,0.0,135.0,153.0,147.0,159.0,98.0,87.0,80.0,127.0,94.0,98.0,127.0,184.0
I,142.0,97.0,5.0,95.0,89.0,94.0,29.0,135.0,0.0,21.0,33.0,198.0,94.0,109.0,149.0,102.0,168.0,134.0,10.0,61.0
F,155.0,97.0,22.0,114.0,103.0,113.0,50.0,153.0,21.0,0.0,22.0,205.0,100.0,116.0,158.0,102.0,177.0,140.0,28.0,40.0
Y,144.0,77.0,36.0,110.0,92.0,112.0,55.0,147.0,33.0,22.0,0.0,194.0,83.0,99.0,143.0,85.0,160.0,122.0,36.0,37.0
C,112.0,180.0,198.0,169.0,149.0,195.0,192.0,159.0,198.0,205.0,194.0,0.0,174.0,154.0,139.0,202.0,154.0,170.0,196.0,215.0
H,89.0,29.0,99.0,77.0,47.0,86.0,84.0,98.0,94.0,100.0,83.0,174.0,0.0,24.0,68.0,32.0,81.0,40.0,87.0,115.0
Q,68.0,43.0,113.0,76.0,42.0,91.0,96.0,87.0,109.0,116.0,99.0,154.0,24.0,0.0,46.0,53.0,61.0,29.0,101.0,130.0
N,46.0,86.0,153.0,91.0,65.0,111.0,133.0,80.0,149.0,158.0,143.0,139.0,68.0,46.0,0.0,94.0,23.0,42.0,142.0,174.0
K,121.0,26.0,107.0,103.0,78.0,106.0,97.0,127.0,102.0,102.0,85.0,202.0,32.0,53.0,94.0,0.0,101.0,56.0,95.0,110.0
D,65.0,96.0,172.0,108.0,85.0,126.0,152.0,94.0,168.0,177.0,160.0,154.0,81.0,61.0,23.0,101.0,0.0,45.0,160.0,181.0
E,80.0,54.0,138.0,93.0,65.0,107.0,121.0,98.0,134.0,140.0,122.0,170.0,40.0,29.0,42.0,56.0,45.0,,126.0,152.0
M,135.0,91.0,15.0,87.0,81.0,84.0,21.0,127.0,10.0,28.0,36.0,196.0,87.0,101.0,142.0,95.0,160.0,126.0,0.0,67.0
W,177.0,101.0,61.0,147.0,128.0,148.0,88.0,184.0,61.0,40.0,37.0,215.0,115.0,130.0,174.0,110.0,181.0,152.0,67.0,0.0
